{"images/bosscha.jpg":["images/bosscha.jpg"],"images/farm-house.jpg":["images/farm-house.jpg"],"images/floating-market.png":["images/floating-market.png"],"images/ic_launcher.png":["images/ic_launcher.png"],"images/jalan-asia-afrika.jpg":["images/jalan-asia-afrika.jpg"],"images/kawah-putih.jpg":["images/kawah-putih.jpg"],"images/museum-geologi.jpg":["images/museum-geologi.jpg"],"images/ranca-upas.jpg":["images/ranca-upas.jpg"],"images/stone-garden.jpg":["images/stone-garden.jpg"],"images/taman-film.jpg":["images/taman-film.jpg"],"packages/cupertino_icons/assets/CupertinoIcons.ttf":["packages/cupertino_icons/assets/CupertinoIcons.ttf"]}